{
  "project_info": {
    "project_number": "135877407350",
    "project_id": "newpingonemfasample",
    "storage_bucket": "newpingonemfasample.appspot.com"
  },
  "client": [
    {
      "client_info": {
        "mobilesdk_app_id": "1:135877407350:android:fe80a7cd5f515c7aed2557",
        "android_client_info": {
          "package_name": "com.pingidentity.authenticatorsampleapp"
        }
      },
      "oauth_client": [
        {
          "client_id": "135877407350-horam1fj4fqeuvprer7cktldel9k47jc.apps.googleusercontent.com",
          "client_type": 3
        }
      ],
      "api_key": [
        {
          "current_key": "AIzaSyCEK8OELYwOtouwDIn8gkbwZQ_bPW3gj4g"
        }
      ],
      "services": {
        "appinvite_service": {
          "other_platform_oauth_client": [
            {
              "client_id": "135877407350-horam1fj4fqeuvprer7cktldel9k47jc.apps.googleusercontent.com",
              "client_type": 3
            }
          ]
        }
      }
    }
  ],
  "configuration_version": "1"
}